{
  "title": "Welcome to IRL Automated MacOnboarding.",
  "message": "Your computer setup is underway. Feel free to step away, this could take 30 minutes or more. \n\nYour computer will restart when it's ready for use",
  "blurscreen": true,
  "moveable": false,
  "ontop": true,
  "width": "800",
  "icon": "/Library/Application Support/Microsoft/IntuneScripts/Swift dialog/icons/IRL.png",
  "centreicon": false,
  "iconsize": "100",
  "listitem": [
    {"title": "Company Portal", "icon": "/Library/Application Support/Microsoft/IntuneScripts/Swift dialog/icons/CompanyPortal.png", "status": "pending", "statustext": "Pending"},
    {"title": "Microsoft Office", "icon": "/Library/Application Support/Microsoft/IntuneScripts/Swift dialog/icons/office.png", "status": "pending", "statustext": "Pending"},
    {"title": "Microsoft Edge", "icon": "/Library/Application Support/Microsoft/IntuneScripts/Swift dialog/icons/Edge.png", "status": "pending", "statustext": "Pending"},
    {"title": "Microsoft VS Code", "icon": "/Library/Application Support/Microsoft/IntuneScripts/Swift dialog/icons/vscode.png", "status": "pending", "statustext": "Pending"},
    {"title": "Microsoft Remote Desktop", "icon": "/Library/Application Support/Microsoft/IntuneScripts/Swift dialog/icons/RemoteDesktop.png", "status": "pending", "statustext": "Pending"},
    {"title": "Microsoft Defender", "icon": "/Library/Application Support/Microsoft/IntuneScripts/Swift dialog/icons/Defender.png", "status": "pending", "statustext": "Pending"},
    {"title": "Microsoft Teams", "icon": "/Library/Application Support/Microsoft/IntuneScripts/Swift dialog/icons/Teams.png", "status": "pending", "statustext": "Pending"},
    {"title": "Adobe Acrobat Reader", "icon": "/Library/Application Support/Microsoft/IntuneScripts/Swift dialog/icons/Acrobat.png", "status": "pending", "statustext": "Pending"},
    {"title": "FileVault", "icon": "/Library/Application Support/Microsoft/IntuneScripts/Swift dialog/icons/FileVault.png", "status": "pending", "statustext": "Checking status..."}
  ],
 "buttonarray": [
    {
      "buttontitle": "Contact IT Helpdesk",
      "buttonactiontype": "open",
      "buttonaction": "mailto:it-helpdesk@example.com?subject=Enrollment%20Issue&body=Please%20see%20attached%20enrollment%20log.&attachment=file:///Library/Application%20Support/Microsoft/IntuneScripts/onBoarding/onboarding.log",
      "key": "i"
    }
  ]
}
